-- phpMyAdmin SQL Dump
-- version 4.9.2
-- https://www.phpmyadmin.net/
--
-- Hôte : 127.0.0.1:3308
-- Généré le :  lun. 26 oct. 2020 à 15:50
-- Version du serveur :  5.7.28
-- Version de PHP :  7.3.12

SET SQL_MODE = "NO_AUTO_VALUE_ON_ZERO";
SET AUTOCOMMIT = 0;
START TRANSACTION;
SET time_zone = "+00:00";


/*!40101 SET @OLD_CHARACTER_SET_CLIENT=@@CHARACTER_SET_CLIENT */;
/*!40101 SET @OLD_CHARACTER_SET_RESULTS=@@CHARACTER_SET_RESULTS */;
/*!40101 SET @OLD_COLLATION_CONNECTION=@@COLLATION_CONNECTION */;
/*!40101 SET NAMES utf8mb4 */;

--
-- Base de données :  `dbpatient`
--

-- --------------------------------------------------------

--
-- Structure de la table `patient`
--

DROP TABLE IF EXISTS `patient`;
CREATE TABLE IF NOT EXISTS `patient` (
  `id` bigint(20) NOT NULL AUTO_INCREMENT,
  `date_naissance` datetime(6) DEFAULT NULL,
  `malade` bit(1) DEFAULT NULL,
  `name` varchar(255) DEFAULT NULL,
  `score` int(11) NOT NULL,
  PRIMARY KEY (`id`)
) ENGINE=InnoDB AUTO_INCREMENT=184 DEFAULT CHARSET=latin1;

--
-- Déchargement des données de la table `patient`
--

INSERT INTO `patient` (`id`, `date_naissance`, `malade`, `name`, `score`) VALUES
(1, '2020-10-06 20:28:01.138000', b'0', 'Hajar', 0),
(2, '2020-10-06 20:28:01.370000', b'0', 'Imane', 0),
(4, '2020-10-06 20:36:20.098000', b'0', 'Hajar', 0),
(5, '2020-10-06 20:36:20.307000', b'0', 'Imane', 0),
(6, '2020-10-06 20:36:20.315000', b'1', 'Amal', 0),
(7, '2020-10-06 20:40:01.315000', b'0', 'Hajar', 0),
(8, '2020-10-06 20:40:01.335000', b'0', 'Imane', 0),
(9, '2020-10-06 20:40:01.343000', b'1', 'Amal', 0),
(10, '2020-10-06 20:43:05.472000', b'0', 'Hajar', 0),
(11, '2020-10-06 20:43:05.700000', b'0', 'Imane', 0),
(12, '2020-10-06 20:43:05.708000', b'1', 'Amal', 0),
(13, '2020-10-06 20:49:49.573000', b'0', 'Hajar', 0),
(14, '2020-10-06 20:49:49.858000', b'0', 'Imane', 0),
(15, '2020-10-06 20:49:49.867000', b'1', 'Amal', 0),
(16, '2020-10-06 21:54:30.221000', b'0', 'Hajar', 0),
(17, '2020-10-06 21:54:30.440000', b'0', 'Imane', 0),
(18, '2020-10-06 21:54:30.449000', b'1', 'Amal', 0),
(19, '2020-10-06 21:56:53.833000', b'0', 'Hajar', 0),
(20, '2020-10-06 21:56:53.852000', b'0', 'Imane', 0),
(21, '2020-10-06 21:56:53.860000', b'1', 'Amal', 0),
(22, '2020-10-08 14:20:38.900000', b'0', 'Hajar', 0),
(23, '2020-10-08 14:20:39.142000', b'0', 'Imane', 0),
(24, '2020-10-08 14:20:39.151000', b'1', 'Amal', 0),
(25, '2020-10-08 14:26:57.806000', b'0', 'Hajar', 0),
(26, '2020-10-08 14:26:57.824000', b'0', 'Imane', 0),
(27, '2020-10-08 14:26:57.830000', b'1', 'Amal', 0),
(28, '2020-10-08 14:29:11.319000', b'0', 'Hajar', 0),
(29, '2020-10-08 14:29:11.338000', b'0', 'Imane', 0),
(30, '2020-10-08 14:29:11.347000', b'1', 'Amal', 0),
(31, '2020-10-08 14:29:41.071000', b'0', 'Hajar', 0),
(32, '2020-10-08 14:29:41.091000', b'0', 'Imane', 0),
(33, '2020-10-08 14:29:41.099000', b'1', 'Amal', 0),
(34, '2020-10-08 14:34:46.274000', b'0', 'Hajar', 0),
(36, '2020-10-08 14:34:46.299000', b'1', 'Amal', 0),
(37, '2020-10-08 15:08:21.701000', b'0', 'Hajar', 0),
(38, '2020-10-08 15:08:21.934000', b'0', 'Imane', 0),
(39, '2020-10-08 15:08:21.941000', b'1', 'Amal', 0),
(40, '2020-10-08 15:22:51.127000', b'0', 'Hajar', 0),
(41, '2020-10-08 15:22:51.336000', b'0', 'Imane', 0),
(42, '2020-10-08 15:22:51.343000', b'1', 'Amal', 0),
(43, '2020-10-08 15:32:59.689000', b'0', 'Hajar', 0),
(44, '2020-10-08 15:32:59.705000', b'0', 'Imane', 0),
(45, '2020-10-08 15:32:59.711000', b'1', 'Amal', 0),
(46, '2020-10-08 15:56:54.052000', b'0', 'Hajar', 0),
(47, '2020-10-08 15:56:54.067000', b'0', 'Imane', 0),
(48, '2020-10-08 15:56:54.074000', b'1', 'Amal', 0),
(49, '2020-10-08 15:57:41.337000', b'0', 'Hajar', 0),
(50, '2020-10-08 15:57:41.351000', b'0', 'Imane', 0),
(51, '2020-10-08 15:57:41.357000', b'1', 'Amal', 0),
(52, '2020-10-08 15:59:42.239000', b'0', 'Hajar', 0),
(53, '2020-10-08 15:59:42.254000', b'0', 'Imane', 0),
(54, '2020-10-08 15:59:42.260000', b'1', 'Amal', 0),
(55, '2020-10-08 16:01:49.209000', b'0', 'Hajar', 0),
(56, '2020-10-08 16:01:49.234000', b'0', 'Imane', 0),
(57, '2020-10-08 16:01:49.245000', b'1', 'Amal', 0),
(58, '2020-10-08 18:23:00.569000', b'0', 'Hajar', 0),
(59, '2020-10-08 18:23:00.595000', b'0', 'Imane', 0),
(60, '2020-10-08 18:23:00.601000', b'1', 'Amal', 0),
(61, '2020-10-08 18:43:31.687000', b'0', 'Hajar', 0),
(62, '2020-10-08 18:43:31.706000', b'0', 'Imane', 0),
(63, '2020-10-08 18:43:31.714000', b'1', 'Amal', 0),
(64, '2020-10-08 19:14:58.989000', b'0', 'Hajar', 0),
(65, '2020-10-08 19:14:59.597000', b'0', 'Imane', 0),
(66, '2020-10-08 19:14:59.604000', b'1', 'Amal', 0),
(67, '2020-10-08 19:19:16.387000', b'0', 'Hajar', 0),
(68, '2020-10-08 19:19:17.012000', b'0', 'Imane', 0),
(69, '2020-10-08 19:19:17.021000', b'1', 'Amal', 0),
(70, '2020-10-08 19:32:33.340000', b'0', 'Hajar', 0),
(71, '2020-10-08 19:32:34.036000', b'0', 'Imane', 0),
(72, '2020-10-08 19:32:34.047000', b'1', 'Amal', 0),
(73, '2020-10-08 20:50:00.701000', b'0', 'Hajar', 0),
(74, '2020-10-08 20:50:00.718000', b'0', 'Imane', 0),
(75, '2020-10-08 20:50:00.725000', b'1', 'Amal', 0),
(76, '2020-10-08 00:00:00.000000', b'0', 'Hajar', 0),
(77, '2020-10-08 00:00:00.000000', b'0', 'Imane', 0),
(78, '2020-10-08 00:00:00.000000', b'1', 'Amal', 0),
(79, '2020-10-02 00:00:00.000000', b'1', 'yassine', 0),
(80, '2020-10-08 00:00:00.000000', b'0', 'Hajar', 0),
(81, '2020-10-08 00:00:00.000000', b'0', 'Imane', 0),
(82, '2020-10-08 00:00:00.000000', b'1', 'Amal', 0),
(83, '2020-10-02 00:00:00.000000', b'1', 'yassine', 0),
(84, '2020-10-08 00:00:00.000000', b'0', 'Hajar', 0),
(85, '2020-10-08 00:00:00.000000', b'0', 'Imane', 0),
(86, '2020-10-08 00:00:00.000000', b'1', 'Amal', 0),
(87, '2020-10-08 00:00:00.000000', b'0', 'Hajar', 0),
(88, '2020-10-08 00:00:00.000000', b'0', 'Imane', 0),
(89, '2020-10-08 00:00:00.000000', b'1', 'Amal', 0),
(90, '2020-10-08 00:00:00.000000', b'0', 'Hajar', 0),
(91, '2020-10-08 00:00:00.000000', b'0', 'Imane', 0),
(92, '2020-10-08 00:00:00.000000', b'1', 'Amal', 0),
(93, '2020-10-09 00:00:00.000000', NULL, 'yassine', 0),
(94, '2020-10-09 00:00:00.000000', NULL, 'yassine', 0),
(95, '2020-10-04 00:00:00.000000', NULL, 'amine', 0),
(96, '2020-10-04 00:00:00.000000', b'1', 'khalid', 0),
(99, '2020-10-14 00:00:00.000000', b'1', 'c', 0),
(100, '2020-10-09 00:00:00.000000', b'0', 'Hajar', 7),
(101, '2020-10-09 00:00:00.000000', b'0', 'Imane', 6),
(102, '2020-10-09 00:00:00.000000', b'1', 'Amale', 9),
(103, '2020-10-09 00:00:00.000000', b'0', 'hassan', 10),
(104, '2020-10-04 00:00:00.000000', NULL, 'aicha', 13),
(105, '2020-10-09 00:00:00.000000', b'0', 'Hajar', 7),
(106, '2020-10-09 00:00:00.000000', b'0', 'Imane', 6),
(107, '2020-10-09 00:00:00.000000', b'1', 'Amale', 9),
(108, '2020-10-09 00:00:00.000000', b'0', 'hassan', 10),
(109, '2020-10-09 00:00:00.000000', b'0', 'Hajar', 7),
(110, '2020-10-09 00:00:00.000000', b'0', 'Imane', 6),
(111, '2020-10-09 00:00:00.000000', b'1', 'Amale', 9),
(112, '2020-10-09 00:00:00.000000', b'0', 'hassan', 10),
(113, '2020-10-09 00:00:00.000000', b'0', 'Hajar', 7),
(114, '2020-10-09 00:00:00.000000', b'0', 'Imane', 6),
(115, '2020-10-09 00:00:00.000000', b'1', 'Amale', 9),
(116, '2020-10-09 00:00:00.000000', b'0', 'hassan', 10),
(117, '2020-10-07 00:00:00.000000', b'1', 'Imane', 6),
(118, '2020-10-01 00:00:00.000000', b'1', 'hanane1', 8),
(119, '2020-10-11 00:00:00.000000', NULL, 'karima', 9),
(120, '2020-10-10 00:00:00.000000', b'1', 'kkBB', 12),
(121, '2020-10-09 00:00:00.000000', b'0', 'Hajar', 7),
(122, '2020-10-09 00:00:00.000000', b'0', 'Imane', 6),
(123, '2020-10-09 00:00:00.000000', b'1', 'Amale', 9),
(124, '2020-10-09 00:00:00.000000', b'0', 'hassan', 10),
(125, '2019-11-05 00:00:00.000000', NULL, 'brahim', 18),
(126, '2020-10-04 00:00:00.000000', b'1', 'aqzsv', 9),
(127, '2020-10-04 00:00:00.000000', b'1', 'aqzsv', 9),
(128, '2020-10-09 00:00:00.000000', b'0', 'Hajar', 7),
(129, '2020-10-09 00:00:00.000000', b'0', 'Imane', 6),
(130, '2020-10-09 00:00:00.000000', b'1', 'Amale', 9),
(131, '2020-10-09 00:00:00.000000', b'0', 'hassan', 10),
(132, '2020-10-09 00:00:00.000000', b'0', 'Hajar', 7),
(133, '2020-10-09 00:00:00.000000', b'0', 'Imane', 6),
(134, '2020-10-09 00:00:00.000000', b'1', 'Amale', 9),
(135, '2020-10-09 00:00:00.000000', b'0', 'hassan', 10),
(136, '2020-10-09 00:00:00.000000', b'0', 'Hajar', 7),
(137, '2020-10-09 00:00:00.000000', b'0', 'Imane', 6),
(138, '2020-10-09 00:00:00.000000', b'1', 'Amale', 9),
(139, '2020-10-09 00:00:00.000000', b'0', 'hassan', 10),
(140, '2020-10-09 00:00:00.000000', b'0', 'Hajar', 7),
(141, '2020-10-09 00:00:00.000000', b'0', 'Imane', 6),
(142, '2020-10-09 00:00:00.000000', b'1', 'Amale', 9),
(143, '2020-10-09 00:00:00.000000', b'0', 'hassan', 10),
(144, '2020-10-09 00:00:00.000000', b'0', 'Hajar', 7),
(145, '2020-10-09 00:00:00.000000', b'0', 'Imane', 6),
(146, '2020-10-09 00:00:00.000000', b'1', 'Amale', 9),
(147, '2020-10-09 00:00:00.000000', b'0', 'hassan', 10),
(148, '2020-10-09 00:00:00.000000', b'0', 'Hajar', 7),
(149, '2020-10-09 00:00:00.000000', b'0', 'Imane', 6),
(150, '2020-10-09 00:00:00.000000', b'1', 'Amale', 9),
(151, '2020-10-09 00:00:00.000000', b'0', 'hassan', 10),
(152, '2020-10-09 00:00:00.000000', b'0', 'Hajar', 7),
(153, '2020-10-09 00:00:00.000000', b'0', 'Imane', 6),
(154, '2020-10-09 00:00:00.000000', b'1', 'Amale', 9),
(155, '2020-10-09 00:00:00.000000', b'0', 'hassan', 10),
(156, '2020-10-09 00:00:00.000000', b'0', 'Hajar', 7),
(157, '2020-10-09 00:00:00.000000', b'0', 'Imane', 6),
(158, '2020-10-09 00:00:00.000000', b'1', 'Amale', 9),
(159, '2020-10-09 00:00:00.000000', b'0', 'hassan', 10),
(160, '2020-10-09 00:00:00.000000', b'0', 'Hajar', 7),
(161, '2020-10-09 00:00:00.000000', b'0', 'Imane', 6),
(162, '2020-10-09 00:00:00.000000', b'1', 'Amale', 9),
(163, '2020-10-09 00:00:00.000000', b'0', 'hassan', 10),
(164, '2020-10-09 00:00:00.000000', b'0', 'Hajar', 7),
(165, '2020-10-09 00:00:00.000000', b'0', 'Imane', 6),
(166, '2020-10-09 00:00:00.000000', b'1', 'Amale', 9),
(167, '2020-10-09 00:00:00.000000', b'0', 'hassan', 10),
(168, '2020-10-09 00:00:00.000000', b'0', 'Hajar', 7),
(169, '2020-10-09 00:00:00.000000', b'0', 'Imane', 6),
(170, '2020-10-09 00:00:00.000000', b'1', 'Amale', 9),
(171, '2020-10-09 00:00:00.000000', b'0', 'hassan', 10),
(172, '2020-10-09 00:00:00.000000', b'0', 'Hajar', 7),
(173, '2020-10-09 00:00:00.000000', b'0', 'Imane', 6),
(174, '2020-10-09 00:00:00.000000', b'1', 'Amale', 9),
(175, '2020-10-09 00:00:00.000000', b'0', 'hassan', 10),
(176, '2020-10-09 00:00:00.000000', b'0', 'Hajar', 7),
(177, '2020-10-09 00:00:00.000000', b'0', 'Imane', 6),
(178, '2020-10-09 00:00:00.000000', b'1', 'Amale', 9),
(179, '2020-10-09 00:00:00.000000', b'0', 'hassan', 10),
(180, '2020-10-09 00:00:00.000000', b'0', 'Hajar', 7),
(181, '2020-10-09 00:00:00.000000', b'0', 'Imane', 6),
(182, '2020-10-09 00:00:00.000000', b'1', 'Amale', 9),
(183, '2020-10-09 00:00:00.000000', b'0', 'hassan', 10);

-- --------------------------------------------------------

--
-- Structure de la table `roles`
--

DROP TABLE IF EXISTS `roles`;
CREATE TABLE IF NOT EXISTS `roles` (
  `role` varchar(15) NOT NULL,
  PRIMARY KEY (`role`)
) ENGINE=MyISAM DEFAULT CHARSET=latin1;

--
-- Déchargement des données de la table `roles`
--

INSERT INTO `roles` (`role`) VALUES
('ADMIN'),
('USER');

-- --------------------------------------------------------

--
-- Structure de la table `users`
--

DROP TABLE IF EXISTS `users`;
CREATE TABLE IF NOT EXISTS `users` (
  `username` varchar(15) NOT NULL,
  `password` varchar(255) NOT NULL,
  `active` tinyint(1) NOT NULL,
  PRIMARY KEY (`username`)
) ENGINE=MyISAM DEFAULT CHARSET=latin1;

--
-- Déchargement des données de la table `users`
--

INSERT INTO `users` (`username`, `password`, `active`) VALUES
('user1', '$2a$10$56tAsh/P7pZFqjB8Io.Rdu/CRw.o5HRrxZS6o.mygrr8JwcqCot.a', 1),
('admin', '$2a$10$56tAsh/P7pZFqjB8Io.Rdu/CRw.o5HRrxZS6o.mygrr8JwcqCot.a', 1),
('user2', '$2a$10$56tAsh/P7pZFqjB8Io.Rdu/CRw.o5HRrxZS6o.mygrr8JwcqCot.a', 1);

-- --------------------------------------------------------

--
-- Structure de la table `users_roles`
--

DROP TABLE IF EXISTS `users_roles`;
CREATE TABLE IF NOT EXISTS `users_roles` (
  `username` varchar(15) NOT NULL,
  `role` varchar(15) NOT NULL,
  PRIMARY KEY (`username`,`role`)
) ENGINE=MyISAM DEFAULT CHARSET=latin1;

--
-- Déchargement des données de la table `users_roles`
--

INSERT INTO `users_roles` (`username`, `role`) VALUES
('admin', 'ADMIN'),
('admin', 'USER'),
('user1', 'USER'),
('user2', 'ADMIN'),
('user2', 'USER');
COMMIT;

/*!40101 SET CHARACTER_SET_CLIENT=@OLD_CHARACTER_SET_CLIENT */;
/*!40101 SET CHARACTER_SET_RESULTS=@OLD_CHARACTER_SET_RESULTS */;
/*!40101 SET COLLATION_CONNECTION=@OLD_COLLATION_CONNECTION */;
